{
    "boxCount":{
      "max": 200,
      "min": 0,
      "tick": 25,
      "text": "boxCount",
      "type": "slider",
      "value": 50
    },
    "spotlightRadius": {
      "max": 800,
      "min": 0,
      "tick": 25,
      "text": "spotLight",
      "type": "slider",
      "value": 400
    },
    "moveSpeed":{
      "max": 120,
      "min": 0,
      "tick": 25,
      "text": "moveSpeed",
      "type": "slider",
      "value": 100
    },
    "turboSpeed":{
      "max": 8,
      "min": 0,
      "tick": 25,
      "text": "turboSpeed",
      "type": "slider",
      "value": 5
    }
  }